Epochs,data__preprocessed__densenet201-imagenet__time,data__preprocessed__densenet201-imagenet__train_loss,data__preprocessed__densenet201-imagenet__train_accuracy,data__preprocessed__densenet201-imagenet__val_loss,data__preprocessed__densenet201-imagenet__val_accuracy,data__preprocessed__densenet201__time,data__preprocessed__densenet201__train_loss,data__preprocessed__densenet201__train_accuracy,data__preprocessed__densenet201__val_loss,data__preprocessed__densenet201__val_accuracy,data__preprocessed__inception-v3__time,data__preprocessed__inception-v3__train_loss,data__preprocessed__inception-v3__train_accuracy,data__preprocessed__inception-v3__val_loss,data__preprocessed__inception-v3__val_accuracy,data__preprocessed__mario__time,data__preprocessed__mario__train_loss,data__preprocessed__mario__train_accuracy,data__preprocessed__mario__val_loss,data__preprocessed__mario__val_accuracy,data__preprocessed__resnet50__time,data__preprocessed__resnet50__train_loss,data__preprocessed__resnet50__train_accuracy,data__preprocessed__resnet50__val_loss,data__preprocessed__resnet50__val_accuracy,data__preprocessed__xception__time,data__preprocessed__xception__train_loss,data__preprocessed__xception__train_accuracy,data__preprocessed__xception__val_loss,data__preprocessed__xception__val_accuracy,data__raw__densenet201-imagenet__time,data__raw__densenet201-imagenet__train_loss,data__raw__densenet201-imagenet__train_accuracy,data__raw__densenet201-imagenet__val_loss,data__raw__densenet201-imagenet__val_accuracy,,data__raw__densenet201__time,data__raw__densenet201__train_loss,data__raw__densenet201__train_accuracy,data__raw__densenet201__val_loss,data__raw__densenet201__val_accuracy,data__raw__inception-v3__time,data__raw__inception-v3__train_loss,data__raw__inception-v3__train_accuracy,data__raw__inception-v3__val_loss,data__raw__inception-v3__val_accuracy,data__raw__mario__time,data__raw__mario__train_loss,data__raw__mario__train_accuracy,data__raw__mario__val_loss,data__raw__mario__val_accuracy,data__raw__resnet50__time,data__raw__resnet50__train_loss,data__raw__resnet50__train_accuracy,data__raw__resnet50__val_loss,data__raw__resnet50__val_accuracy,data__raw__xception__time,data__raw__xception__train_loss,data__raw__xception__train_accuracy,data__raw__xception__val_loss,data__raw__xception__val_accuracy
1,211s,1.4167,0.5133,1.137,0.6009,205s,1.6296,0.3783,1.5754,0.3979,182s,1.7851,0.332,1.7612,0.2692,210s,2.3399,0.2855,1.805,0.2828,179s,1.8067,0.3447,2.1895,0.2915,191s,1.5722,0.3858,1.8832,0.2574,282s,1.6941,0.4447,1.4517,0.5019,,279s,1.7533,0.3222,9.6382,0.2754,230s,1.8519,0.3017,34.7928,0.2692,219s,3.2717,0.2979,4.3695,0.2804,250s,1.9359,0.2954,3.1136,0.2264,257s,1.677,0.3338,1.7827,0.2562
2,110s,1.0552,0.6115,1.1116,0.6058,116s,1.3049,0.5092,9.6084,0.1652,106s,1.5838,0.4111,5.6461,0.3676,107s,1.6283,0.3502,2.5433,0.2853,112s,1.4423,0.4673,2.5064,0.3243,128s,1.2253,0.5387,3.4427,0.3391,142s,1.2385,0.5433,1.2939,0.5397,,154s,1.5614,0.3812,3.3089,0.2171,139s,1.7927,0.3055,2.824,0.2754,143s,1.6248,0.3525,1.5933,0.3505,150s,1.695,0.3545,2.1735,0.1818,152s,1.3844,0.4549,1.7404,0.4417
3,110s,0.9488,0.6501,1.0079,0.6399,116s,1.0632,0.5966,3.6587,0.3094,105s,1.6123,0.4006,4.0456,0.3515,106s,1.5337,0.3821,2.2897,0.1999,111s,1.2118,0.5506,2.7545,0.3595,131s,0.9813,0.6277,1.2215,0.5755,145s,1.1307,0.5858,1.2719,0.5459,,155s,1.4534,0.4228,1.9913,0.3598,137s,1.8254,0.2938,1.8812,0.299,141s,1.5186,0.3972,1.683,0.3685,149s,1.5202,0.4141,2.417,0.3065,150s,1.2434,0.5138,1.9374,0.4423
4,111s,0.8918,0.667,0.9935,0.651,115s,0.9306,0.6494,10.9495,0.2314,104s,1.584,0.4044,1.9047,0.2785,105s,1.4751,0.4056,2.3181,0.3286,112s,1.0244,0.6223,1.8887,0.4394,135s,0.8291,0.6899,1.6189,0.6015,140s,1.0805,0.5977,1.2206,0.5881,,154s,1.3762,0.4565,3.0313,0.2357,137s,1.8088,0.2908,1.8672,0.3071,142s,1.4266,0.4322,1.4216,0.4404,147s,1.3771,0.4715,3.3877,0.2053,151s,1.102,0.5754,1.6812,0.4349
5,111s,0.8609,0.6748,1.0285,0.6436,116s,0.8361,0.6811,5.533,0.2729,104s,1.4754,0.4449,1.9336,0.3335,107s,1.3934,0.4376,1.7504,0.3676,112s,0.905,0.6599,2.5401,0.4381,126s,0.711,0.7331,1.7558,0.4864,141s,1.0312,0.6159,1.2531,0.5577,,154s,1.3079,0.4833,4.7235,0.134,138s,1.8365,0.2961,28.7054,0.2103,143s,1.3317,0.471,1.3751,0.4659,146s,1.2909,0.5001,1.9573,0.397,151s,0.9524,0.6373,1.2905,0.5614
6,109s,0.8372,0.6867,1.0514,0.6448,117s,0.7403,0.7219,2.8635,0.4115,103s,1.4454,0.4643,1.5146,0.409,106s,1.3465,0.4566,1.6664,0.4022,112s,0.8284,0.691,1.9422,0.4462,128s,0.6015,0.7782,0.9871,0.6894,140s,1.0106,0.6223,1.2579,0.5434,,154s,1.1803,0.5394,1.3341,0.5323,136s,1.8042,0.2927,2.7469,0.2854,146s,1.2487,0.5054,1.4009,0.4646,147s,1.1716,0.5492,1.7453,0.4094,152s,0.8296,0.6838,3.3972,0.3654
7,110s,0.822,0.6938,1.0358,0.6436,115s,0.6753,0.7477,2.2567,0.4684,104s,1.4716,0.4534,6.0263,0.2624,107s,1.2695,0.5022,2.3165,0.4097,112s,0.7431,0.7227,1.7794,0.5173,123s,0.5278,0.8051,0.8147,0.7197,140s,1.0103,0.6182,1.2495,0.5676,,157s,1.1273,0.561,4.1503,0.3958,136s,1.7956,0.2957,1.8243,0.2767,144s,1.1607,0.5481,1.4729,0.469,147s,1.0595,0.5961,1.6152,0.4653,152s,0.7187,0.7316,1.6534,0.5651
8,110s,0.8136,0.6981,1.0654,0.646,114s,0.629,0.7619,3.6516,0.3552,105s,1.437,0.4647,2.1095,0.4455,107s,1.2019,0.5382,1.1911,0.5668,112s,0.7055,0.7366,5.7463,0.3038,121s,0.4234,0.8453,1.2734,0.5743,140s,1.0036,0.6227,1.4192,0.5453,,156s,1.0448,0.5984,1.282,0.5136,136s,1.8734,0.2829,18.2491,0.2971,141s,1.0616,0.5849,1.3196,0.5118,147s,0.9642,0.6378,2.1783,0.3722,152s,0.5781,0.7916,1.9361,0.4777
9,111s,0.782,0.7034,1.1515,0.6176,114s,0.6295,0.7643,1.1089,0.6009,104s,1.6427,0.3913,4.3425,0.3292,108s,1.1032,0.5727,1.271,0.5043,111s,0.6317,0.7677,1.6304,0.5959,119s,0.3518,0.8713,1.1827,0.6566,140s,0.9732,0.6315,1.2178,0.585,,157s,0.9883,0.6205,2.4834,0.5161,137s,1.8457,0.2884,1.733,0.2922,140s,0.9565,0.6294,1.4026,0.5062,147s,0.8658,0.6811,1.3751,0.5434,152s,0.458,0.8372,1.8591,0.5062
10,109s,0.7906,0.7045,1.2868,0.6126,114s,0.5289,0.8004,3.0276,0.4041,103s,1.5965,0.3927,1.4581,0.4066,106s,1.0381,0.6034,1.2936,0.492,112s,0.5778,0.7795,6.4602,0.2444,117s,0.2741,0.9006,0.9818,0.7129,140s,0.9816,0.6293,1.2408,0.5856,,156s,0.8901,0.6539,3.8388,0.3437,135s,1.8071,0.292,1.8896,0.2984,139s,0.8491,0.6798,1.2549,0.5509,145s,0.7499,0.7161,1.508,0.5167,152s,0.3465,0.8751,2.0333,0.5335
11,109s,0.775,0.7064,1.0686,0.6355,114s,0.4696,0.824,2.5839,0.448,104s,1.4729,0.425,1.4499,0.4369,105s,0.9742,0.6346,1.096,0.5718,112s,0.5153,0.8119,1.9038,0.5408,117s,0.2304,0.9161,1.2982,0.6949,140s,0.9864,0.6294,1.5811,0.5136,,155s,0.8069,0.6892,1.0082,0.6148,136s,1.7856,0.2854,3.2727,0.2686,140s,0.741,0.7149,1.5093,0.4981,147s,0.6299,0.7652,1.7027,0.5211,152s,0.2704,0.9049,2.3114,0.5676
12,111s,0.7686,0.7081,1.0869,0.6343,116s,0.4316,0.8356,1.3303,0.6089,109s,1.4216,0.4536,1.4792,0.4338,104s,0.8823,0.6769,15.4566,0.1733,112s,0.5313,0.8063,2.0082,0.427,118s,0.1872,0.9317,1.2754,0.6788,144s,0.9865,0.6304,1.3591,0.5496,,156s,0.7217,0.7239,1.1846,0.5999,136s,1.7901,0.288,1.7241,0.2928,139s,0.6538,0.7554,1.4759,0.518,146s,0.5367,0.8018,1.7974,0.5099,154s,0.2095,0.9272,1.8622,0.5893
13,111s,0.7652,0.7126,1.0783,0.6411,116s,0.3763,0.8586,4.5639,0.4078,105s,1.4545,0.4384,1.747,0.4344,106s,0.8094,0.7014,1.0037,0.6145,112s,0.4279,0.8452,2.2709,0.4975,121s,0.1727,0.94,1.0687,0.7543,140s,0.9684,0.6381,1.473,0.5571,,154s,0.6425,0.7511,1.1061,0.6005,135s,1.7662,0.2979,1.7087,0.3077,140s,0.5942,0.7807,1.5816,0.4963,146s,0.4334,0.8421,2.0067,0.5292,153s,0.1649,0.9417,1.5019,0.6377
14,109s,0.754,0.7128,1.1065,0.6374,116s,0.3393,0.8737,10.2468,0.2463,106s,1.3031,0.5095,1.4119,0.4307,105s,0.7339,0.7352,0.9939,0.6683,111s,0.386,0.8531,1.1039,0.6578,120s,0.1387,0.9509,1.249,0.7017,139s,0.9541,0.6388,1.3469,0.5614,,155s,0.5675,0.7873,1.3674,0.5471,136s,1.773,0.3031,2.9688,0.2761,139s,0.4839,0.8201,1.4079,0.5589,155s,0.3494,0.8705,1.8371,0.5453,153s,0.1415,0.951,1.8758,0.6297
15,108s,0.7529,0.7144,1.0554,0.6584,116s,0.2848,0.8944,4.7292,0.37,104s,1.2885,0.5159,1.8735,0.2983,115s,0.6607,0.7629,0.9634,0.6677,112s,0.3499,0.8697,2.9097,0.4004,119s,0.1113,0.9612,2.0419,0.5675,139s,0.969,0.6363,1.3977,0.5658,,155s,0.4792,0.8214,1.179,0.6483,137s,1.868,0.2805,6.8123,0.2097,140s,0.43,0.844,1.5415,0.562,155s,0.2983,0.8925,1.7228,0.5577,153s,0.1256,0.957,1.7861,0.6086
16,110s,0.7469,0.7144,1.1204,0.6491,115s,0.2368,0.914,0.9729,0.724,104s,1.3342,0.5155,1.4331,0.4728,106s,0.6235,0.7811,1.0758,0.6516,111s,0.2865,0.8934,2.3365,0.4722,117s,0.1143,0.9604,1.8361,0.6652,139s,0.9375,0.6453,1.2988,0.5788,,156s,0.3962,0.8528,1.4496,0.5707,136s,1.8615,0.2864,4.2028,0.2717,142s,0.3856,0.8608,1.5453,0.5465,151s,0.2537,0.9084,2.3943,0.4498,153s,0.1172,0.9584,1.8491,0.6396
17,109s,0.7556,0.7135,1.076,0.6442,116s,0.2188,0.9204,2.1331,0.5408,106s,1.3051,0.5224,1.6746,0.4152,104s,0.579,0.7964,2.0892,0.5012,112s,0.3309,0.8813,2.9453,0.5025,119s,0.1053,0.9649,1.3883,0.745,140s,0.9603,0.6389,1.4226,0.5571,,157s,0.3258,0.8784,2.1232,0.5875,137s,1.8109,0.2963,2.4926,0.2767,143s,0.3514,0.8742,1.6593,0.5571,151s,0.2128,0.9251,2.4329,0.4758,153s,0.1142,0.961,2.1053,0.6067
18,108s,0.7269,0.7246,1.1734,0.6306,115s,0.179,0.9335,2.2531,0.5675,105s,1.3557,0.5079,28.1029,0.3131,103s,0.5225,0.8146,0.9413,0.6838,111s,0.2531,0.9068,1.8383,0.5854,118s,0.0768,0.9724,1.3772,0.698,141s,0.9604,0.6402,1.4266,0.554,,157s,0.2795,0.8963,1.4886,0.6241,137s,1.7914,0.3048,1.9833,0.2761,140s,0.3239,0.8838,1.598,0.5788,155s,0.1897,0.9315,2.4725,0.5583,152s,0.0971,0.9667,1.866,0.6421
19,109s,0.7516,0.7183,1.0919,0.6516,114s,0.1523,0.9477,4.0508,0.4709,104s,1.4795,0.4627,1.4561,0.4821,104s,0.464,0.8404,1.6309,0.5588,112s,0.2126,0.923,1.7068,0.5879,118s,0.0823,0.9705,1.6853,0.6696,141s,0.9445,0.6449,1.4056,0.5707,,157s,0.2356,0.9141,2.2801,0.4839,136s,1.7902,0.3071,2.1868,0.3021,142s,0.2884,0.8978,1.9319,0.5323,153s,0.1703,0.9433,2.3194,0.5043,151s,0.102,0.9645,1.7861,0.6365
20,114s,0.7301,0.7234,1.0911,0.6504,116s,0.142,0.949,1.968,0.6442,104s,1.2435,0.5412,1.3383,0.5149,105s,0.4466,0.843,1.4464,0.6188,111s,0.2049,0.9277,2.4024,0.5365,120s,0.0775,0.9738,1.7296,0.6652,141s,0.9421,0.644,1.3556,0.572,,156s,0.2034,0.925,1.5324,0.6452,135s,1.7543,0.3068,1.767,0.3102,141s,0.2614,0.9049,1.7774,0.5819,153s,0.1542,0.9454,2.7792,0.4764,152s,0.0808,0.9725,1.9771,0.5782
21,113s,0.7396,0.7253,1.1153,0.6423,116s,0.1109,0.9602,1.9635,0.6101,105s,1.0432,0.6099,1.092,0.5953,107s,0.4182,0.8542,1.04,0.698,112s,0.1747,0.9383,4.0831,0.3806,122s,0.0835,0.971,2.0001,0.6603,139s,0.9562,0.6422,1.5015,0.562,,157s,0.16,0.9411,1.5679,0.6117,135s,1.7405,0.3074,2.4505,0.3027,142s,0.2441,0.915,1.7844,0.562,153s,0.1318,0.9534,2.2725,0.5695,150s,0.0938,0.9671,2.6285,0.6272
22,111s,0.7295,0.7224,1.1728,0.6343,115s,0.1182,0.9585,1.0941,0.7432,104s,0.9681,0.6363,1.1591,0.5705,105s,0.3572,0.8761,1.1419,0.6869,112s,0.1517,0.9457,4.2185,0.38,118s,0.0676,0.9774,2.6595,0.6423,139s,0.9379,0.6454,1.396,0.5478,,157s,0.1579,0.944,1.5828,0.6476,135s,1.7443,0.3149,2.3303,0.2916,141s,0.222,0.924,2.2396,0.5459,155s,0.1301,0.9544,2.6163,0.5391,149s,0.1146,0.9611,1.8894,0.6383
23,108s,0.7221,0.7241,1.1248,0.6535,117s,0.1173,0.9587,3.4364,0.4765,105s,0.9092,0.6593,0.9719,0.6343,106s,0.3581,0.8785,1.1145,0.7067,110s,0.3246,0.891,1.5391,0.5811,117s,0.0632,0.9784,1.5129,0.7438,139s,0.9385,0.647,1.51,0.5323,,158s,0.1324,0.9536,1.6563,0.6408,136s,1.8091,0.3045,23.9623,0.2357,141s,0.2066,0.9265,1.9828,0.5459,156s,0.1114,0.9622,2.5175,0.5068,150s,0.0796,0.9709,2.0703,0.6017
24,111s,0.7305,0.7251,1.2287,0.6355,117s,0.1039,0.9646,1.1051,0.7506,105s,0.845,0.6853,2.1264,0.4728,106s,0.3208,0.8901,1.1821,0.6652,111s,0.1701,0.9404,2.3774,0.5545,117s,0.0804,0.9714,1.2663,0.745,138s,0.9409,0.6524,1.391,0.5546,,157s,0.1157,0.9591,1.8008,0.6489,135s,1.8213,0.3041,5.4589,0.3071,144s,0.2103,0.9271,2.1067,0.544,153s,0.1438,0.9504,2.3915,0.5509,157s,0.0662,0.9763,1.933,0.6396
25,110s,0.722,0.7278,1.1592,0.6361,117s,0.0759,0.9721,4.6939,0.4691,105s,0.8386,0.6896,1.2406,0.5575,107s,0.2964,0.9011,1.0241,0.7191,110s,0.0949,0.9665,1.6155,0.6825,119s,0.0759,0.9726,1.1164,0.7519,141s,0.9374,0.6473,1.4089,0.5323,,158s,0.1081,0.9601,1.7246,0.6414,137s,1.8268,0.3068,2.8905,0.255,146s,0.2104,0.9308,1.917,0.5738,152s,0.1712,0.9429,1.8544,0.5993,150s,0.0639,0.9785,2.1129,0.5918
26,109s,0.7317,0.721,1.223,0.638,117s,0.0979,0.9645,1.9969,0.6423,104s,0.7911,0.7096,0.8602,0.6528,107s,0.2883,0.902,1.2665,0.6671,111s,0.0928,0.9668,13.2037,0.354,117s,0.0586,0.9795,1.4981,0.6974,141s,0.9389,0.6489,1.373,0.5732,,157s,0.1139,0.9597,1.6488,0.6408,137s,1.816,0.289,2.9066,0.2754,145s,0.1917,0.933,2.1457,0.5453,150s,0.0736,0.9756,2.2645,0.5713,151s,0.0575,0.9803,2.0901,0.6377
27,107s,0.7399,0.7191,1.1903,0.6355,116s,0.0798,0.9721,2.6112,0.5866,103s,0.9247,0.667,0.9855,0.6522,106s,0.2868,0.9042,1.4151,0.6448,109s,0.1418,0.953,3.8148,0.4394,118s,0.0465,0.9834,1.9822,0.5947,141s,0.932,0.6465,1.5204,0.5335,,157s,0.1029,0.9636,2.2836,0.6092,138s,1.7939,0.2896,2.418,0.3027,146s,0.1786,0.9395,2.1098,0.5589,150s,0.0574,0.9804,2.7443,0.5602,151s,0.0787,0.9731,2.3625,0.6011
28,109s,0.7186,0.7283,1.1842,0.6343,115s,0.0886,0.9698,2.6348,0.591,103s,0.7452,0.7262,0.8203,0.7024,108s,0.2473,0.916,1.4886,0.6584,110s,0.2863,0.9055,3.5814,0.4356,115s,0.0525,0.9812,1.538,0.7246,141s,0.9371,0.6454,1.5404,0.536,,157s,0.0764,0.9749,2.0343,0.634,138s,1.7892,0.2971,2.2675,0.281,142s,0.1666,0.9416,2.0925,0.5651,149s,0.1291,0.9557,2.6511,0.5186,152s,0.0714,0.9763,1.909,0.6557
29,108s,0.7068,0.7304,1.1888,0.6374,113s,0.138,0.9527,2.6536,0.6219,103s,0.6425,0.7625,1.143,0.6139,106s,0.2443,0.9191,1.2532,0.7054,110s,0.1395,0.9529,1.7534,0.6621,112s,0.0544,0.9819,1.9607,0.6838,141s,0.9426,0.6474,1.4347,0.5738,,157s,0.0906,0.9671,2.0419,0.6359,135s,1.7778,0.2975,1.7431,0.2742,144s,0.1891,0.9369,1.9751,0.5732,153s,0.0694,0.9766,2.3196,0.5689,152s,0.076,0.9759,10.1298,0.4187
30,108s,0.7267,0.7263,1.2214,0.617,114s,0.0543,0.9817,1.3238,0.7401,103s,0.5845,0.7839,0.9652,0.6689,106s,0.2461,0.9184,1.2987,0.685,110s,0.0427,0.9863,1.7964,0.6894,111s,0.0567,0.9805,1.3475,0.7407,141s,0.9261,0.6552,1.3732,0.5695,,157s,0.0771,0.9735,2.0049,0.6396,137s,1.7839,0.2953,2.7124,0.3077,144s,0.1744,0.9424,2.4699,0.5416,153s,0.1266,0.9572,2.7237,0.5186,150s,0.1412,0.9551,2.0564,0.5931
31,108s,0.699,0.7344,1.1426,0.6485,113s,0.0375,0.9877,1.5991,0.6925,103s,0.6366,0.7674,0.9078,0.6887,105s,0.2238,0.9282,1.3283,0.7178,109s,0.0987,0.9657,3.0151,0.547,113s,0.0536,0.9823,3.3256,0.6405,141s,0.9302,0.6526,1.3951,0.5633,,156s,0.0862,0.9701,2.1911,0.5968,136s,1.7606,0.3036,1.8391,0.3133,142s,0.1528,0.948,2.2016,0.5732,152s,0.0601,0.9807,2.3146,0.5757,149s,0.0495,0.9843,2.1285,0.6408
32,108s,0.7022,0.7331,1.185,0.6368,114s,0.0714,0.9743,2.8411,0.5792,103s,0.553,0.7967,0.9148,0.7203,105s,0.2209,0.9282,1.4861,0.6968,110s,0.1347,0.9548,1.7486,0.6324,116s,0.0574,0.9796,1.4849,0.7376,140s,0.931,0.6495,1.3884,0.5794,,156s,0.07,0.9752,2.0253,0.6526,136s,1.753,0.3169,1.7003,0.3294,139s,0.1554,0.948,2.2484,0.5509,151s,0.0674,0.9768,2.4561,0.5788,150s,0.03,0.9907,2.1794,0.6396
33,109s,0.7066,0.7322,1.141,0.651,113s,0.0481,0.9833,4.9498,0.5272,102s,1.1475,0.6072,1.9582,0.4394,106s,0.2025,0.9323,1.4791,0.7098,109s,0.0526,0.9819,2.2577,0.6182,113s,0.0671,0.9785,1.4922,0.7147,140s,0.9156,0.6545,1.3816,0.5751,,158s,0.0593,0.9794,2.0236,0.634,137s,1.7473,0.3147,1.9136,0.3182,142s,0.1417,0.953,2.056,0.5825,151s,0.0714,0.9745,2.6449,0.5279,151s,0.0471,0.9847,2.3393,0.6191
34,108s,0.7169,0.7277,1.1771,0.6429,113s,0.0678,0.9763,1.1007,0.745,102s,0.9357,0.6639,0.8419,0.6937,105s,0.198,0.9357,1.4571,0.7079,109s,0.0563,0.982,1.6786,0.6627,118s,0.0416,0.9871,1.3479,0.7444,140s,0.9236,0.6515,1.4375,0.5552,,156s,0.0678,0.9774,1.883,0.6712,136s,1.7755,0.3167,4.457,0.2593,139s,0.1312,0.9547,2.3885,0.5744,149s,0.0767,0.9743,2.9974,0.5676,150s,0.0493,0.9843,3.0825,0.4969
35,109s,0.7144,0.7302,1.1614,0.6498,115s,0.0413,0.9858,1.1249,0.7785,103s,0.6814,0.7487,0.7944,0.7061,104s,0.2045,0.9316,1.4125,0.7209,110s,0.0579,0.9811,1.7112,0.685,115s,0.0398,0.9868,1.4578,0.7519,139s,0.9171,0.655,1.4724,0.5509,,157s,0.0819,0.9706,1.8945,0.6582,137s,1.8193,0.3011,3.2333,0.2636,139s,0.1443,0.9526,2.4433,0.5689,150s,0.0644,0.9776,2.6038,0.5676,150s,0.0605,0.9803,1.8106,0.6042
36,108s,0.7135,0.7309,1.2913,0.6262,114s,0.0493,0.9823,2.7318,0.6114,102s,0.7141,0.7444,1.0079,0.6312,105s,0.2034,0.9344,1.2659,0.6925,111s,0.0733,0.9754,2.2242,0.5922,118s,0.0358,0.9883,1.5334,0.6943,139s,0.9387,0.653,1.4008,0.5707,,157s,0.0805,0.9721,3.1776,0.5056,137s,1.8492,0.2832,2.0837,0.2798,140s,0.1345,0.9557,2.042,0.5837,151s,0.0559,0.9813,2.4185,0.58,150s,0.0576,0.9803,2.947,0.6024
37,108s,0.7133,0.7297,1.2499,0.6374,115s,0.052,0.9837,1.993,0.6547,103s,0.5502,0.7956,0.9889,0.6652,106s,0.1877,0.9382,1.6685,0.6757,110s,0.0851,0.9709,4.4108,0.4295,118s,0.0577,0.9826,2.6125,0.6386,140s,0.9342,0.6518,1.4383,0.5571,,157s,0.0671,0.9771,2.0327,0.6439,138s,1.8178,0.3026,5.7525,0.2351,139s,0.1144,0.962,2.3329,0.5806,149s,0.2181,0.9302,1.9871,0.5496,151s,0.0452,0.9846,2.3527,0.6005
38,109s,0.7017,0.7369,1.1893,0.6504,115s,0.0589,0.9788,1.3056,0.7432,103s,0.4955,0.8176,0.8401,0.7172,105s,0.1734,0.9417,1.4577,0.7141,111s,0.1107,0.9625,2.1224,0.6033,115s,0.0531,0.982,2.4998,0.5402,139s,0.9233,0.6561,1.4893,0.5614,,157s,0.0553,0.9806,1.8473,0.6799,138s,1.834,0.3039,2.1731,0.2922,140s,0.1332,0.9571,2.2757,0.5521,148s,0.0442,0.9862,2.6009,0.5602,150s,0.0426,0.9863,1.8026,0.6538
39,109s,0.7232,0.7274,1.1983,0.6442,116s,0.0606,0.9792,1.2383,0.7506,103s,0.4118,0.8488,0.9705,0.6801,104s,0.1669,0.9485,1.4394,0.7153,113s,0.0479,0.9828,3.9554,0.5012,113s,0.0295,0.9899,1.5297,0.6993,140s,0.9325,0.6509,1.4509,0.567,,157s,0.052,0.9828,1.9131,0.6588,137s,1.8318,0.297,2.841,0.2891,140s,0.1338,0.9567,2.209,0.572,147s,0.0196,0.9929,3.4256,0.523,150s,0.0384,0.9877,2.5403,0.6067
40,108s,0.704,0.7319,1.2751,0.6194,115s,0.0296,0.9907,1.427,0.7222,102s,0.3654,0.8671,0.8427,0.7178,106s,0.1716,0.9456,1.6049,0.7042,112s,0.037,0.9881,1.9954,0.651,110s,0.0292,0.9897,2.0462,0.625,138s,0.9213,0.6531,1.4514,0.5552,,158s,0.0524,0.9817,1.5838,0.6811,136s,1.8307,0.2864,9.4795,0.2897,139s,0.119,0.9613,2.3237,0.5788,146s,0.0425,0.9846,2.7525,0.5862,149s,0.0453,0.9852,2.2465,0.6278
41,108s,0.696,0.7335,1.2415,0.633,116s,0.0446,0.9833,2.2675,0.6095,104s,0.3229,0.8853,0.9714,0.7085,106s,0.1685,0.9475,1.7612,0.7172,112s,0.0594,0.9814,1.6312,0.6986,111s,0.0405,0.986,1.2566,0.7067,138s,0.9203,0.6513,1.4844,0.554,,158s,0.0563,0.981,1.6626,0.6935,138s,1.7984,0.2883,2.4758,0.2847,138s,0.1255,0.9581,2.4284,0.5732,148s,0.0544,0.9814,2.4654,0.5806,149s,0.0403,0.9865,2.3616,0.6172
42,107s,0.6924,0.7419,1.212,0.6386,116s,0.0473,0.9831,1.4436,0.7265,103s,0.327,0.8848,1.0178,0.6943,105s,0.1591,0.9488,1.4373,0.7011,112s,0.2638,0.9229,2.786,0.5316,110s,0.0313,0.99,1.4703,0.6962,137s,0.9403,0.6511,1.6164,0.523,,157s,0.0572,0.9808,1.7213,0.6787,135s,1.7977,0.2917,2.5917,0.2599,137s,0.1093,0.9628,2.3087,0.585,149s,0.0586,0.9809,2.4491,0.5825,150s,0.0669,0.9774,3.1466,0.6179
43,108s,0.7066,0.7332,1.263,0.6405,115s,0.04,0.9862,1.7066,0.7147,104s,0.353,0.8756,0.966,0.6993,104s,0.1636,0.9491,1.5598,0.7116,112s,0.033,0.991,1.7106,0.6838,110s,0.0375,0.9879,1.3927,0.7389,138s,0.928,0.6562,1.4655,0.5589,,157s,0.0504,0.982,2.1155,0.6141,136s,1.7843,0.2954,22.1766,0.2196,139s,0.1081,0.9658,2.1163,0.5651,149s,0.0562,0.9803,2.4559,0.5639,149s,0.04,0.986,2.0825,0.6185
44,107s,0.7102,0.7329,1.319,0.6151,115s,0.0374,0.9868,1.4936,0.7259,103s,0.2746,0.9018,0.9124,0.7364,106s,0.1403,0.9556,1.6735,0.7092,113s,0.0271,0.9907,1.8956,0.6696,109s,0.0406,0.9856,1.4355,0.7562,137s,0.9133,0.6596,1.4035,0.5782,,158s,0.0482,0.9839,1.9542,0.6619,138s,1.7825,0.3038,1.7241,0.3021,140s,0.1089,0.965,2.5862,0.5769,149s,0.0585,0.9806,2.4199,0.5782,150s,0.037,0.9879,2.196,0.6247
45,107s,0.7017,0.7381,1.3234,0.6293,116s,0.0447,0.9839,1.7294,0.6986,103s,0.2411,0.9153,1.7931,0.586,104s,0.1347,0.9568,2.0328,0.703,111s,0.0815,0.9741,2.3659,0.6139,112s,0.0483,0.9848,1.2325,0.7574,140s,0.9342,0.6488,1.5305,0.5583,,157s,0.0557,0.981,2.3007,0.6433,138s,1.7746,0.3028,1.7065,0.2885,141s,0.1161,0.9648,2.3088,0.5751,149s,0.028,0.9914,2.7769,0.5341,150s,0.0393,0.9871,1.8503,0.6501
46,106s,0.6988,0.7353,1.2735,0.6312,115s,0.0427,0.9867,2.2304,0.6473,109s,0.2746,0.9017,0.8866,0.7376,104s,0.1409,0.956,3.0048,0.6355,111s,0.0666,0.9771,1.7333,0.6819,111s,0.0268,0.9914,1.8363,0.6021,139s,0.9193,0.6585,1.5259,0.5471,,157s,0.0428,0.9845,1.8518,0.6923,138s,1.777,0.3058,2.4534,0.2866,139s,0.0984,0.9675,2.5027,0.5627,149s,0.0664,0.9772,2.4643,0.5633,150s,0.059,0.9812,1.9911,0.6086
47,106s,0.7006,0.7325,1.2717,0.6182,116s,0.0302,0.99,1.7051,0.6931,103s,0.1872,0.9333,1.1608,0.7203,103s,0.1419,0.9534,2.2328,0.7005,110s,0.0473,0.9852,2.3373,0.6386,111s,0.0913,0.9725,1.1108,0.7562,139s,0.9215,0.6514,1.456,0.5589,,158s,0.0439,0.9854,2.173,0.6272,136s,1.7627,0.3073,3.3835,0.3033,138s,0.1108,0.9658,2.1794,0.5887,148s,0.0449,0.9843,2.371,0.603,150s,0.0514,0.982,1.9013,0.67
48,107s,0.693,0.7345,1.201,0.6535,115s,0.0396,0.9863,2.9167,0.6405,102s,0.167,0.9407,1.3986,0.6832,104s,0.1406,0.9572,1.9112,0.7054,110s,0.0626,0.9807,2.897,0.6021,110s,0.0242,0.9914,1.7147,0.6856,137s,0.9073,0.6574,1.4357,0.5658,,156s,0.0505,0.9837,1.8313,0.6793,135s,1.7722,0.3011,2.0591,0.3133,138s,0.0932,0.9721,2.428,0.5819,148s,0.037,0.9881,2.547,0.5422,147s,0.0262,0.9908,2.243,0.6489
49,106s,0.6852,0.7387,1.2308,0.6566,115s,0.0299,0.9896,2.9779,0.6269,102s,0.162,0.9434,1.0281,0.7327,104s,0.1505,0.9531,1.7064,0.7184,110s,0.0316,0.9893,1.996,0.6887,111s,0.0231,0.9924,2.5715,0.5396,138s,0.92,0.6567,1.5639,0.5484,,157s,0.0251,0.9927,1.8858,0.6805,135s,1.7691,0.3042,2.2004,0.3164,137s,0.0984,0.9694,2.1393,0.5949,148s,0.1347,0.9586,2.8766,0.4913,148s,0.0332,0.9897,2.102,0.6538
50,107s,0.6887,0.7372,1.3021,0.6318,115s,0.0257,0.9909,1.4396,0.7389,102s,0.1416,0.9492,1.2023,0.6937,106s,0.1239,0.9623,1.6849,0.6869,110s,0.04,0.987,1.8622,0.6856,110s,0.06,0.9814,1.4225,0.7587,138s,0.9298,0.6585,1.6039,0.5571,,158s,0.0302,0.99,1.9081,0.6718,137s,1.743,0.3183,2.3901,0.3195,138s,0.0978,0.9699,2.7285,0.5738,147s,0.1051,0.964,2.1521,0.5868,147s,0.0258,0.9908,2.4615,0.6526
51,107s,0.6958,0.7383,1.3045,0.6231,114s,0.0591,0.9805,3.1239,0.6077,102s,0.1807,0.9406,1.3997,0.7215,106s,0.1345,0.9567,1.6681,0.7129,110s,0.0553,0.9816,2.0751,0.6572,111s,0.0267,0.9919,1.4207,0.7475,137s,0.9197,0.6563,1.4625,0.5571,,156s,0.0736,0.9736,2.1217,0.6687,137s,1.732,0.3168,2.1632,0.3251,139s,0.079,0.9732,2.397,0.5868,146s,0.0064,0.9991,2.1188,0.6129,147s,0.0314,0.9884,2.0744,0.6613
52,107s,0.6863,0.743,1.232,0.6411,113s,0.0423,0.9849,2.522,0.6219,105s,0.1583,0.9443,1.2822,0.7129,106s,0.1264,0.9593,1.6981,0.7085,111s,0.0405,0.9861,2.0374,0.6269,111s,0.0208,0.9928,1.4947,0.7494,137s,0.918,0.6538,1.4255,0.5732,,158s,0.033,0.9887,1.8369,0.6917,137s,1.7237,0.3208,1.6941,0.3207,139s,0.0955,0.9695,2.5598,0.5837,146s,0.0014,0.9998,2.1734,0.6179,147s,0.0385,0.9867,2.4446,0.6024
53,106s,0.6896,0.7342,1.2568,0.6417,114s,0.0231,0.9927,1.673,0.7302,104s,0.6293,0.7865,1.3988,0.6547,104s,0.1355,0.9599,1.5904,0.7017,110s,0.0381,0.987,1.4807,0.716,111s,0.0227,0.9924,1.6738,0.7376,136s,0.9144,0.6605,1.5134,0.5614,,157s,0.0425,0.9847,1.8869,0.6799,137s,1.7225,0.3179,2.4949,0.3182,139s,0.0924,0.9709,2.1435,0.5986,145s,5.48E-04,0.9999,2.2409,0.6228,147s,0.0578,0.9796,2.3163,0.6408
54,106s,0.6971,0.7376,1.2412,0.6559,112s,0.0257,0.9917,2.572,0.659,104s,0.2251,0.9228,0.806,0.7624,103s,0.1103,0.966,1.6102,0.6807,109s,0.0371,0.988,1.6419,0.711,111s,0.0255,0.9918,1.5553,0.742,137s,0.9047,0.6622,1.453,0.5769,,157s,0.0296,0.9897,2.6547,0.6377,137s,1.7037,0.3162,1.7292,0.34,141s,0.0687,0.9776,2.1841,0.5893,146s,4.22E-04,0.9999,2.2966,0.621,148s,0.0711,0.9793,1.7821,0.647
55,107s,0.7033,0.7361,1.2385,0.6559,113s,0.0325,0.9888,1.8655,0.7147,104s,0.1099,0.9616,1.3253,0.7141,102s,0.1186,0.9637,1.9971,0.6436,108s,0.0376,0.9881,1.5368,0.7178,110s,0.0315,0.99,1.4178,0.737,136s,0.9206,0.6508,1.4641,0.5794,,158s,0.062,0.9787,1.7051,0.6824,136s,1.7102,0.3213,2.2278,0.3176,140s,0.072,0.9774,2.7436,0.5924,147s,3.15E-04,0.9999,2.3423,0.6191,147s,0.0327,0.9897,2.0664,0.6545
56,106s,0.7028,0.7339,1.2773,0.6262,113s,0.0339,0.9883,1.1655,0.7636,104s,0.0788,0.9725,1.2478,0.7308,104s,0.1279,0.9611,1.4311,0.7036,109s,0.044,0.9853,2.1757,0.63,110s,0.0491,0.9844,1.4541,0.7438,136s,0.9073,0.6584,1.6448,0.5366,,158s,0.0255,0.9925,2.0894,0.6731,135s,1.7202,0.3244,1.9373,0.3127,140s,0.0856,0.9726,2.6205,0.5689,147s,2.96E-04,0.9998,2.3835,0.6203,150s,0.0181,0.994,2.5046,0.6284
57,107s,0.6843,0.7389,1.2567,0.6374,113s,0.0262,0.9907,1.7055,0.7283,103s,0.0862,0.9694,1.1955,0.7296,104s,0.1246,0.9615,1.9551,0.6931,109s,0.0343,0.9881,1.9416,0.6751,111s,0.0424,0.9862,1.301,0.7611,137s,0.9098,0.6578,1.5221,0.5633,,157s,0.0282,0.9908,2.2764,0.6712,135s,1.6987,0.325,2.0186,0.3226,142s,0.0813,0.9753,2.5623,0.5794,147s,2.72E-04,0.9998,2.4451,0.6185,148s,0.0284,0.9904,2.346,0.6458
58,106s,0.6822,0.7419,1.2684,0.6405,113s,0.0294,0.9901,1.5581,0.7389,104s,0.0699,0.9764,1.2154,0.7481,104s,0.1066,0.9662,1.5597,0.7166,110s,0.0298,0.9899,4.2789,0.466,110s,0.0313,0.9897,1.3091,0.7506,136s,0.9247,0.6502,1.4764,0.5651,,155s,0.0592,0.9803,1.734,0.7047,135s,1.6922,0.3246,1.6572,0.3344,141s,0.0785,0.9769,2.2982,0.5744,147s,2.69E-04,0.9999,2.4651,0.6216,148s,0.0249,0.9914,2.0613,0.6681
59,106s,0.705,0.7369,1.322,0.6405,113s,0.0289,0.9909,1.9477,0.7011,104s,0.0736,0.9755,1.3924,0.7222,105s,0.1233,0.962,1.8108,0.7073,110s,0.0708,0.9771,3.826,0.4851,112s,0.0168,0.9948,1.3028,0.763,138s,0.9294,0.6543,1.4859,0.5527,,154s,0.0226,0.9925,1.8677,0.6973,136s,1.6877,0.3228,2.4336,0.3282,142s,0.0758,0.977,2.4492,0.5713,147s,2.26E-04,0.9999,2.4958,0.6197,150s,0.024,0.9918,2.6061,0.5881
60,107s,0.6902,0.7436,1.3137,0.6355,114s,0.0351,0.988,2.1688,0.6838,104s,0.0817,0.9708,1.6692,0.6708,105s,0.1064,0.9679,1.4272,0.7092,110s,0.1337,0.9571,1.3638,0.7166,111s,0.0177,0.9947,1.6258,0.7351,138s,0.9037,0.66,1.5731,0.5329,,155s,0.0323,0.9887,1.7197,0.6935,135s,1.7097,0.3225,6.5077,0.3213,140s,0.0718,0.978,2.2266,0.5825,148s,2.19E-04,0.9999,2.5363,0.621,148s,0.026,0.9909,3.5564,0.611
61,106s,0.6855,0.7426,1.4025,0.6269,115s,0.0188,0.9941,1.766,0.7624,104s,0.0927,0.9683,1.2102,0.7308,106s,0.1138,0.9645,1.645,0.7166,109s,0.0079,0.9985,1.4005,0.7395,113s,0.0183,0.9945,1.6852,0.7259,138s,0.9252,0.655,1.4812,0.562,,156s,0.0468,0.985,2.0966,0.6687,135s,1.685,0.324,1.7758,0.3108,140s,0.0747,0.9771,2.5611,0.5955,148s,0.1421,0.9618,161.5868,0.1756,147s,0.0346,0.9887,2.5321,0.6266
62,106s,0.6902,0.7386,1.3021,0.6361,113s,0.0678,0.9785,1.3712,0.7351,105s,0.0748,0.9738,1.4296,0.6708,105s,0.1178,0.964,1.9037,0.7351,109s,0.0039,0.9991,1.598,0.7358,112s,0.0291,0.99,1.3535,0.7376,140s,0.8961,0.6632,1.498,0.5751,,157s,0.0222,0.9919,1.5523,0.7066,136s,1.6878,0.3196,1.7993,0.2947,139s,0.0711,0.978,2.2473,0.572,149s,0.3003,0.8968,2.3414,0.5453,146s,0.0315,0.9888,2.2897,0.6179
63,107s,0.6955,0.7383,1.3009,0.6337,113s,0.033,0.9886,1.2836,0.7717,104s,0.0645,0.9784,1.3625,0.7228,105s,0.1011,0.9689,1.7982,0.7382,108s,0.0061,0.9976,2.1759,0.6795,112s,0.0219,0.9934,1.7851,0.6993,138s,0.9187,0.6565,1.5056,0.5583,,157s,0.0552,0.9826,2.2503,0.6278,136s,1.6786,0.3176,1.6493,0.3387,140s,0.0775,0.9748,2.8306,0.5806,146s,0.0237,0.9942,2.1381,0.5912,146s,0.04,0.9879,2.6531,0.5862
64,106s,0.6691,0.7467,1.2863,0.633,114s,0.0223,0.9924,1.2534,0.7859,105s,0.062,0.9792,1.3739,0.7283,104s,0.1037,0.9687,1.6078,0.7092,111s,0.0513,0.9829,1.7182,0.7067,111s,0.0288,0.9911,1.2251,0.7494,136s,0.91,0.6565,1.4461,0.5862,,155s,0.0202,0.9937,2.4647,0.6427,135s,1.6764,0.3293,1.7779,0.3282,140s,0.0702,0.9787,2.2959,0.5924,146s,0.0074,0.9978,2.3485,0.6061,148s,0.0373,0.9879,1.9361,0.6638
65,106s,0.6984,0.7356,1.3264,0.6194,114s,0.0072,0.9979,1.2219,0.758,107s,0.0735,0.9741,1.1139,0.7611,105s,0.0965,0.9706,1.7666,0.7048,110s,0.0424,0.9857,1.8137,0.698,110s,0.0245,0.9917,1.4405,0.7661,136s,0.9241,0.6547,1.5342,0.5471,,163s,0.0249,0.9917,2.7615,0.639,136s,1.6634,0.3333,1.687,0.3251,139s,0.0655,0.9795,2.398,0.5868,147s,0.0022,0.9995,2.3273,0.616,148s,0.0404,0.9873,2.219,0.647
66,106s,0.68,0.7347,1.289,0.6504,115s,0.035,0.9882,1.7015,0.6621,104s,0.0729,0.9746,1.4193,0.7321,104s,0.106,0.9689,1.4171,0.7314,109s,0.0225,0.9931,1.8092,0.6974,109s,0.0217,0.9927,1.9313,0.7358,137s,0.9111,0.6578,1.6309,0.5552,,173s,0.0286,0.9909,2.0838,0.6811,136s,1.6609,0.3278,1.9654,0.3127,139s,0.0759,0.9769,2.383,0.5831,145s,0.0539,0.9826,3.2289,0.5074,147s,0.0241,0.9919,2.9453,0.5962
67,105s,0.6794,0.7438,1.313,0.6467,115s,0.0348,0.9883,1.937,0.716,102s,0.0593,0.9809,1.2449,0.724,106s,0.0949,0.9699,1.804,0.7172,109s,0.0102,0.9964,2.1372,0.6813,111s,0.0281,0.9905,1.6216,0.6986,140s,0.9142,0.6579,1.5901,0.5502,,172s,0.0584,0.981,2.965,0.5744,135s,1.6589,0.3286,3.2083,0.2916,139s,0.0737,0.9784,2.3064,0.5633,150s,0.0856,0.9698,2.2078,0.5986,148s,0.0387,0.9876,2.2436,0.6297
68,106s,0.6683,0.7426,1.3437,0.6392,115s,0.0181,0.9933,1.4298,0.7537,103s,0.0606,0.9799,2.2821,0.6163,107s,0.1046,0.9689,1.7187,0.7172,109s,0.0604,0.9812,1.5305,0.7234,109s,0.0207,0.9927,1.8299,0.7178,141s,0.9151,0.6555,1.5807,0.5341,,167s,0.0291,0.9902,1.953,0.6861,136s,1.6668,0.3246,1.6413,0.3182,140s,0.0741,0.9783,2.4578,0.5962,149s,0.0291,0.9903,2.7417,0.5366,148s,0.0344,0.9891,2.0372,0.6427
69,108s,0.6797,0.7459,1.3564,0.62,115s,0.0127,0.9954,5.8582,0.4833,103s,0.0583,0.9802,1.5173,0.7024,107s,0.1009,0.9688,1.6458,0.6881,109s,0.0234,0.9925,1.7429,0.7283,111s,0.0237,0.9922,1.7368,0.7197,143s,0.8938,0.662,1.5037,0.5533,,171s,0.0232,0.9926,1.9038,0.6911,136s,1.6634,0.3261,1.8112,0.3362,141s,0.0642,0.9806,3.0467,0.5751,145s,0.0251,0.9914,2.8484,0.5391,147s,0.0225,0.9925,2.1881,0.6445
70,107s,0.6869,0.7393,1.3153,0.6411,113s,0.0407,0.9881,30.015,0.3323,105s,0.0568,0.9819,1.3633,0.7234,108s,0.0845,0.9746,1.8852,0.7178,109s,0.0602,0.9802,1.9813,0.6368,110s,0.0271,0.9914,1.6084,0.711,141s,0.9219,0.6591,1.5374,0.5614,,163s,0.0264,0.9913,2.1372,0.6377,136s,1.6521,0.3384,1.9337,0.3294,140s,0.0662,0.98,2.351,0.5788,146s,0.027,0.9918,2.9978,0.5223,148s,0.0144,0.9948,2.2334,0.652
71,108s,0.6844,0.7403,1.3109,0.6392,113s,0.0515,0.9824,1.2613,0.797,106s,0.0555,0.9825,1.3402,0.7277,107s,0.0844,0.9744,1.5064,0.724,108s,0.0181,0.9937,2.3199,0.6077,111s,0.0139,0.9955,1.6007,0.7302,141s,0.9004,0.6612,1.4893,0.5571,,157s,0.0329,0.9886,1.939,0.6849,137s,1.6487,0.3313,2.3413,0.3263,139s,0.0607,0.981,3.0416,0.5701,146s,0.0425,0.9854,2.6526,0.5794,147s,0.022,0.9929,2.0442,0.6619
72,107s,0.6913,0.7399,1.3023,0.6429,113s,0.0119,0.9963,1.9949,0.7017,103s,0.0512,0.9826,1.3268,0.745,108s,0.0757,0.9772,2.1381,0.69,109s,0.0307,0.9894,1.9763,0.6683,109s,0.0345,0.9894,1.3634,0.7017,142s,0.9157,0.6603,1.4761,0.5602,,155s,0.0283,0.9914,1.8922,0.6656,138s,1.6428,0.3351,3.9436,0.3139,139s,0.0606,0.9811,2.7029,0.567,146s,0.0367,0.9869,2.6586,0.5664,145s,0.0186,0.9934,2.1958,0.6588
73,108s,0.6773,0.7407,1.4118,0.63,113s,0.0132,0.9957,1.6093,0.7599,104s,0.0571,0.9802,1.9814,0.6665,105s,0.0986,0.971,1.542,0.6999,108s,0.0366,0.9874,1.9532,0.6943,111s,0.0274,0.9907,1.3519,0.7642,142s,0.9057,0.6592,1.5569,0.5385,,155s,0.0294,0.9894,1.9446,0.6824,136s,1.6339,0.3426,1.8502,0.3393,140s,0.0689,0.979,2.6671,0.5986,147s,0.0259,0.9914,3.274,0.5217,145s,0.0215,0.9934,2.2217,0.6532
74,109s,0.6798,0.7429,1.3579,0.6343,113s,0.0164,0.9946,1.6278,0.7488,105s,0.0492,0.9826,1.1887,0.7475,105s,0.1085,0.9679,2.0135,0.6912,109s,0.0268,0.9913,2.0518,0.7104,109s,0.032,0.9904,1.5458,0.7191,143s,0.9023,0.6603,1.5535,0.5627,,157s,0.0167,0.9946,1.8871,0.7029,136s,1.6199,0.3438,1.72,0.3499,138s,0.0585,0.9828,3.0737,0.5837,147s,0.0276,0.9906,3.0821,0.5713,145s,0.0365,0.9893,2.2937,0.6197
75,106s,0.6765,0.744,1.3093,0.651,112s,0.0351,0.9889,1.5704,0.7178,105s,0.054,0.9791,1.7061,0.6788,105s,0.0911,0.9705,1.9768,0.7147,108s,0.0145,0.9946,1.7254,0.7438,110s,0.0857,0.9769,1.1803,0.7543,137s,0.9093,0.6603,1.4983,0.5664,,165s,0.0361,0.9878,1.9813,0.6663,136s,1.6101,0.3509,2.2353,0.3462,139s,0.0566,0.9823,2.8711,0.5887,146s,0.0322,0.9879,2.9649,0.5676,145s,0.033,0.9892,2.0547,0.6588
76,107s,0.6739,0.745,1.3116,0.6423,115s,0.0197,0.9924,1.684,0.7308,104s,0.0454,0.9847,1.4782,0.7153,108s,0.0924,0.9722,2.8545,0.6473,109s,0.034,0.9895,2.0699,0.6887,109s,0.0107,0.9968,1.2296,0.7655,138s,0.9269,0.6554,1.528,0.5658,,160s,0.0269,0.9911,1.8796,0.6886,136s,1.5897,0.3617,2.2128,0.3368,139s,0.0497,0.9843,2.547,0.5893,148s,0.0325,0.988,2.8139,0.5769,146s,0.0149,0.9958,2.3169,0.6594
77,108s,0.6678,0.7438,1.3434,0.633,113s,0.027,0.9914,1.6098,0.7389,106s,0.0347,0.987,1.2306,0.7679,106s,0.0852,0.9745,2.3127,0.6912,109s,0.033,0.9886,2.1263,0.6962,110s,0.0024,0.9993,1.5476,0.7667,137s,0.9064,0.6593,1.5752,0.5453,,159s,0.0174,0.9941,1.9178,0.6948,136s,1.5715,0.3745,1.7746,0.3542,140s,0.0447,0.9859,2.9742,0.5732,147s,0.0218,0.9929,3.3508,0.5775,146s,0.018,0.9944,2.5538,0.6396
78,107s,0.6886,0.7419,1.3413,0.6411,113s,0.0144,0.9944,1.8809,0.7382,104s,0.0614,0.9782,1.6333,0.6535,106s,0.0761,0.9768,1.7536,0.7351,109s,0.0157,0.9944,1.7864,0.7123,110s,0.0026,0.9993,1.6707,0.75,137s,0.9056,0.6585,1.5603,0.5633,,159s,0.0177,0.9936,2.1885,0.6551,136s,1.5391,0.3848,2.2099,0.3772,139s,0.0449,0.9871,2.5406,0.5689,146s,0.0175,0.9942,2.7323,0.5993,146s,0.0412,0.9881,1.7582,0.6483
79,107s,0.676,0.7459,1.398,0.638,114s,0.0182,0.9947,3.7881,0.5099,105s,0.0335,0.9891,1.5177,0.7092,106s,0.0817,0.9772,2.1157,0.6788,110s,0.0118,0.9965,2.7755,0.6553,110s,0.0291,0.9904,5.5617,0.474,138s,0.9109,0.6571,1.5157,0.5565,,159s,0.0427,0.9859,2.3405,0.6098,136s,1.5148,0.3923,1.579,0.3846,138s,0.055,0.983,3.2118,0.5775,150s,0.0347,0.9885,3.3562,0.5093,147s,0.0266,0.9917,2.2856,0.6551
80,105s,0.666,0.7476,1.3321,0.6374,113s,0.0266,0.9904,2.9155,0.6207,104s,0.0431,0.9867,1.5949,0.6819,107s,0.0856,0.9737,2.2636,0.685,108s,0.0601,0.9816,1.7079,0.729,112s,0.0435,0.9864,1.4041,0.7339,139s,0.9188,0.6612,1.5381,0.5546,,157s,0.0265,0.9913,2.0295,0.6737,137s,1.4873,0.4078,1.8099,0.3462,137s,0.0672,0.9806,2.7463,0.6048,150s,0.042,0.9849,2.7936,0.5819,145s,0.0125,0.9962,2.4963,0.6507
81,106s,0.6543,0.7494,1.3546,0.6337,113s,0.0164,0.9951,1.8901,0.7178,105s,0.0428,0.985,1.6522,0.7024,106s,0.0799,0.9747,1.8336,0.7395,109s,0.0116,0.9959,1.6807,0.7085,110s,0.0216,0.9935,1.3102,0.7649,144s,0.9059,0.6552,1.593,0.5323,,155s,0.0118,0.9963,1.9882,0.6917,136s,1.4664,0.4188,4.3682,0.3648,139s,0.0479,0.9854,2.5723,0.5937,148s,0.0233,0.9921,2.5708,0.5993,146s,0.0238,0.9921,2.4542,0.6309
82,107s,0.6769,0.743,1.3378,0.6386,113s,0.0201,0.9936,5.3114,0.5582,105s,0.0479,0.9836,1.378,0.737,104s,0.0796,0.9761,2.1173,0.7314,108s,0.008,0.9977,1.8735,0.716,110s,0.0359,0.9899,2.4085,0.6776,141s,0.9064,0.6601,1.6548,0.5329,,156s,0.0136,0.9948,2.0889,0.7016,137s,1.4351,0.4293,10.6033,0.3238,137s,0.0564,0.9835,2.7928,0.5949,148s,0.0155,0.9945,2.6213,0.6185,146s,0.0151,0.995,2.4142,0.6135
83,106s,0.6791,0.7432,1.3736,0.6306,113s,0.0332,0.9899,1.2376,0.7927,106s,0.0317,0.989,1.2499,0.742,104s,0.0868,0.9751,1.9236,0.7234,109s,0.0376,0.9887,2.0365,0.7036,109s,0.0235,0.9929,1.253,0.7642,144s,0.9176,0.6607,1.5307,0.5546,,155s,0.0544,0.9818,1.8276,0.6594,137s,1.4146,0.4373,2.1293,0.4119,140s,0.0547,0.9834,2.2004,0.5806,147s,0.0175,0.9945,2.7366,0.5986,147s,0.036,0.9883,2.1601,0.66
84,107s,0.6867,0.7451,1.4029,0.6386,113s,0.0122,0.9962,1.6716,0.742,105s,0.0381,0.9878,1.2593,0.7271,105s,0.0766,0.9786,1.7094,0.7296,110s,0.0205,0.9929,1.6952,0.7481,111s,0.0125,0.9958,1.5551,0.7432,148s,0.9197,0.6549,1.53,0.562,,155s,0.0222,0.9922,1.8014,0.6954,137s,1.3799,0.4488,1.9496,0.4032,139s,0.0428,0.9875,2.7138,0.5986,147s,0.0359,0.9881,3.5997,0.5565,146s,0.0131,0.9962,2.4897,0.6569
85,107s,0.6607,0.7485,1.4609,0.633,112s,0.0193,0.9931,11.3561,0.44,104s,0.0658,0.9799,1.5747,0.7048,103s,0.0889,0.9735,1.9152,0.7184,111s,0.0079,0.9977,2.3659,0.646,111s,0.0363,0.99,1.2349,0.7649,147s,0.9205,0.6611,1.5997,0.5571,,154s,0.0151,0.9951,2.0415,0.7035,137s,1.345,0.461,1.7456,0.3102,140s,0.0441,0.987,3.4687,0.59,146s,0.0234,0.9913,3.1717,0.5658,145s,0.0213,0.9934,2.8627,0.6371
86,110s,0.6739,0.744,1.3683,0.6454,112s,0.0173,0.9938,1.5393,0.7574,105s,0.1138,0.9672,1.2954,0.7593,104s,0.0722,0.9772,1.7722,0.7184,111s,0.0604,0.9826,1.569,0.7079,111s,0.0105,0.9969,1.6062,0.7469,147s,0.9058,0.6631,1.7519,0.5347,,155s,0.0182,0.9938,2.0455,0.6948,136s,1.3374,0.4659,1.7909,0.3449,140s,0.0513,0.9851,2.9794,0.5918,147s,0.028,0.9918,2.8531,0.5813,146s,0.0203,0.9931,2.4814,0.6414
87,107s,0.6833,0.7406,1.4247,0.6312,114s,0.0157,0.9943,2.6518,0.651,104s,0.0248,0.9917,1.3374,0.7618,105s,0.0697,0.9793,1.9466,0.7234,109s,0.0295,0.9888,1.8144,0.724,111s,0.0224,0.9932,1.573,0.729,145s,0.9123,0.6588,1.6305,0.5453,,154s,0.0333,0.9887,2.0863,0.6861,138s,1.3255,0.4683,6.7773,0.3846,140s,0.0611,0.983,2.3726,0.598,145s,0.022,0.9924,3.2016,0.5931,147s,0.0236,0.9926,2.2812,0.616
88,106s,0.6833,0.7388,1.3534,0.6361,114s,0.0576,0.9824,1.1905,0.7822,105s,0.0315,0.9884,1.1417,0.7729,106s,0.0725,0.9782,1.892,0.7222,110s,0.0355,0.99,1.5014,0.742,111s,0.0183,0.9947,1.4807,0.7358,146s,0.9137,0.6596,1.6423,0.5447,,154s,0.0206,0.9928,2.212,0.6942,138s,1.3058,0.4828,1.439,0.4454,139s,0.05,0.9863,2.4878,0.5707,147s,0.0349,0.988,3.349,0.5695,146s,0.0216,0.9931,1.9966,0.6731
89,107s,0.6768,0.7417,1.4553,0.6238,114s,0.009,0.997,1.4534,0.7723,105s,0.0255,0.9914,1.3386,0.7444,105s,0.0748,0.9781,1.9915,0.69,111s,0.0092,0.9976,1.6081,0.7426,111s,0.0108,0.996,1.6294,0.7321,143s,0.9149,0.6599,1.5818,0.5775,,153s,0.0239,0.9911,1.8834,0.6849,137s,1.2618,0.4908,1.5536,0.4516,138s,0.0422,0.9874,2.8912,0.5931,147s,0.0286,0.9903,3.4955,0.5639,147s,0.0344,0.9882,2.3141,0.6148
90,107s,0.6779,0.7393,1.3775,0.6275,114s,0.0189,0.9936,1.2622,0.7741,104s,0.0155,0.9948,2.8036,0.5328,104s,0.0848,0.9749,1.636,0.7339,110s,0.0147,0.9952,1.9001,0.7085,111s,0.0132,0.9949,2.0117,0.6925,140s,0.9029,0.6656,1.5312,0.5583,,156s,0.0167,0.9946,1.9624,0.719,138s,1.2181,0.5159,1.5752,0.4529,138s,0.0452,0.9868,2.9164,0.5955,147s,0.0084,0.9978,2.5824,0.6042,145s,0.0121,0.9961,2.1024,0.66
91,105s,0.6664,0.7483,1.3756,0.6238,113s,0.0101,0.9963,1.2604,0.7933,103s,0.0527,0.9823,1.4982,0.6937,104s,0.0678,0.9802,1.7251,0.7234,110s,0.0166,0.9941,1.8409,0.7215,111s,0.0172,0.9941,1.5184,0.7543,138s,0.8992,0.6604,1.5336,0.5571,,154s,0.029,0.9901,2.7158,0.6663,138s,1.18,0.5261,8.3183,0.4256,140s,0.0555,0.9847,2.372,0.5676,146s,0.009,0.9965,2.8224,0.5813,145s,0.021,0.993,2.1003,0.6489
92,105s,0.6737,0.7444,1.4614,0.6114,113s,0.0087,0.9971,2.373,0.7067,104s,0.0338,0.9887,1.3073,0.7407,104s,0.0796,0.9784,1.8072,0.716,111s,0.0194,0.993,3.1634,0.6126,112s,0.0142,0.995,1.3914,0.7574,139s,0.9082,0.6626,1.8165,0.5074,,151s,0.0172,0.9945,1.8502,0.7029,138s,1.1624,0.5388,4.105,0.4541,139s,0.0504,0.9854,2.333,0.5937,146s,0.0544,0.9853,5.2208,0.4733,146s,0.0106,0.9968,2.458,0.6439
93,106s,0.6757,0.746,1.3802,0.6349,112s,0.0255,0.9913,3.1975,0.5848,103s,0.0288,0.9914,1.544,0.7339,104s,0.0625,0.9818,1.8341,0.7191,109s,0.0263,0.9918,2.5636,0.6108,112s,0.0134,0.996,1.4286,0.7618,139s,0.9121,0.659,1.5847,0.5459,,152s,0.0126,0.9958,2.0056,0.696,139s,1.1127,0.5619,5.3639,0.4498,139s,0.0433,0.9872,2.1518,0.5931,145s,0.0583,0.9814,2.4858,0.5819,146s,0.1129,0.9648,1.8458,0.6309
94,107s,0.6746,0.7452,1.3883,0.6293,112s,0.0116,0.9961,1.7952,0.7321,104s,0.0351,0.9877,1.6425,0.6894,106s,0.0637,0.9815,1.7151,0.7321,110s,0.024,0.992,1.9578,0.7228,112s,0.0203,0.9934,2.0202,0.7104,137s,0.9168,0.6557,1.6287,0.5459,,150s,0.0168,0.9944,2.5934,0.6464,138s,1.0721,0.5751,1.7984,0.4572,139s,0.0394,0.9884,2.7327,0.5924,146s,0.0086,0.9976,2.7716,0.6042,145s,0.0254,0.9915,2.3377,0.6588
95,106s,0.6684,0.7447,1.4095,0.6343,114s,0.005,0.9984,1.5394,0.7772,103s,0.1368,0.9597,1.5371,0.6925,105s,0.0634,0.9804,1.9331,0.7314,108s,0.0122,0.9954,4.0952,0.4994,111s,0.0192,0.9944,1.7613,0.729,137s,0.9084,0.6614,1.6031,0.5602,,152s,0.0305,0.9894,2.026,0.6892,139s,1.0239,0.6006,5.7172,0.4522,140s,0.0337,0.989,2.0355,0.5713,145s,0.0015,0.9998,2.6195,0.6135,145s,0.0194,0.9955,2.6969,0.6365
96,105s,0.6557,0.7522,1.4001,0.6355,111s,0.0308,0.9912,1.6186,0.7308,103s,0.0777,0.9754,1.0391,0.7661,105s,0.085,0.9764,1.6497,0.7178,108s,0.0171,0.9945,2.4161,0.6875,111s,0.0151,0.9947,1.6084,0.7395,136s,0.9173,0.6589,1.7344,0.523,,151s,0.0235,0.9918,1.9306,0.7035,138s,0.9876,0.6124,1.7817,0.4609,140s,0.0391,0.9884,2.7728,0.5837,143s,4.10E-04,0.9998,2.6431,0.6141,145s,0.0261,0.991,2.0727,0.6421
97,108s,0.6703,0.7449,1.3517,0.6399,113s,0.0118,0.9968,1.2993,0.7704,104s,0.0199,0.994,1.2252,0.771,105s,0.0768,0.9774,3.0256,0.7271,107s,0.0422,0.9876,4.6037,0.4635,111s,0.013,0.9958,1.9783,0.677,136s,0.8983,0.6623,1.5396,0.5689,,150s,0.0149,0.9948,1.9551,0.6923,139s,0.9536,0.6294,2.1382,0.4522,139s,0.0389,0.9887,2.8153,0.6222,143s,3.03E-04,0.9998,2.7277,0.6179,145s,0.0074,0.998,2.1949,0.6718
98,106s,0.6575,0.7524,1.375,0.6337,112s,0.009,0.9973,1.5937,0.7704,102s,0.0149,0.9954,1.3887,0.7481,104s,0.0628,0.9816,1.6799,0.685,108s,0.0231,0.9917,2.2461,0.6894,111s,0.0185,0.9937,1.9467,0.6764,137s,0.9027,0.6564,1.5446,0.5571,,153s,0.0132,0.9958,2.0571,0.6991,138s,0.8881,0.6579,2.1569,0.4367,139s,0.0336,0.9879,2.8021,0.5769,144s,2.51E-04,0.9999,2.6934,0.616,146s,0.0096,0.9964,2.4008,0.6644
99,105s,0.6736,0.7447,1.4438,0.6176,113s,0.0295,0.9894,1.9946,0.737,101s,0.0222,0.9927,1.3045,0.7599,105s,0.0494,0.9839,2.0821,0.7228,108s,0.0066,0.9979,1.8681,0.7259,110s,0.0142,0.9957,1.8626,0.7364,138s,0.8983,0.6616,1.5883,0.5403,,156s,0.0236,0.9916,2.375,0.6762,137s,0.8606,0.6642,1.8054,0.4591,139s,0.0367,0.9891,2.7265,0.5732,144s,1.98E-04,0.9999,2.7304,0.6166,145s,0.0135,0.9948,2.6187,0.6141
100,106s,0.6643,0.7484,1.3922,0.6207,113s,0.0129,0.9952,1.4239,0.7686,103s,0.0219,0.9931,1.6497,0.716,106s,0.0664,0.9812,1.7716,0.7153,108s,0.0025,0.9993,1.8759,0.7413,112s,0.0208,0.9931,1.6887,0.7469,136s,0.9124,0.6592,1.644,0.5515,,152s,0.0252,0.9914,1.972,0.6898,138s,0.8029,0.6945,3.1169,0.4156,139s,0.0424,0.9877,3.0022,0.5552,144s,2.14E-04,0.9998,2.7468,0.6154,145s,0.0305,0.9903,2.3591,0.6427